{"n_prompts": 2, "n_batches": 3, "n_sents": 36, "oov_pct_total": [0.07936507936507936, 0.0], "oov_pct_sent": [0.1388888888888889, 0.0], "accs": [{"sent_accs": [1.0, 0.6666666666666666, 1.0, 1.0, 0.16666666666666666, 0.8333333333333334], "batch_acc": 0.16666666666666666}, {"sent_accs": [1.0, 1.0, 1.0, 1.0, 0.8333333333333334, 0.5], "batch_acc": 0.3333333333333333}], "rep_accs": [{"sent_accs": [1.0, 0.6666666666666666, 1.0, 1.0, 0.16666666666666666, 0.8333333333333334], "batch_acc": 0.16666666666666666}, {"sent_accs": [1.0, 1.0, 1.0, 1.0, 0.3333333333333333, 0.5], "batch_acc": 0.3333333333333333}], "n_loops": 2}